<?xml version="1.0" encoding="UTF-8"?>
<project-private xmlns="http://www.netbeans.org/ns/project-private/1">
    <editor-bookmarks xmlns="http://www.netbeans.org/ns/editor-bookmarks/2" lastBookmarkId="0"/>
    <open-files xmlns="http://www.netbeans.org/ns/projectui-open-files/2">
        <group>
            <file>file:/C:/Users/marie/OneDrive/Documents/NetBeansProjects/FinalSelfCare/FinalSelfCare/src/finalselfcare/AddMedicine.java</file>
            <file>file:/C:/Users/marie/OneDrive/Documents/NetBeansProjects/FinalSelfCare/FinalSelfCare/src/finalselfcare/Statistics.java</file>
            <file>file:/C:/Users/marie/OneDrive/Documents/NetBeansProjects/FinalSelfCare/FinalSelfCare/src/finalselfcare/AddMedicine2.java</file>
            <file>file:/C:/Users/marie/OneDrive/Documents/NetBeansProjects/FinalSelfCare/FinalSelfCare/src/finalselfcare/Medicine2.java</file>
            <file>file:/C:/Users/marie/OneDrive/Documents/NetBeansProjects/FinalSelfCare/FinalSelfCare/src/finalselfcare/MainMedicine.java</file>
            <file>file:/C:/Users/marie/OneDrive/Documents/NetBeansProjects/FinalSelfCare/FinalSelfCare/src/finalselfcare/Login.java</file>
            <file>file:/C:/Users/marie/OneDrive/Documents/NetBeansProjects/FinalSelfCare/FinalSelfCare/src/finalselfcare/Medicine.java</file>
            <file>file:/C:/Users/marie/OneDrive/Documents/NetBeansProjects/FinalSelfCare/FinalSelfCare/src/finalselfcare/AddJournal.java</file>
            <file>file:/C:/Users/marie/OneDrive/Documents/NetBeansProjects/FinalSelfCare/FinalSelfCare/src/finalselfcare/Dashboard.java</file>
        </group>
    </open-files>
</project-private>
